transaction_date,product_id,quantity_sold,total_sales,store_location
1/1/2024,101,10,214.87,Store B
1/2/2024,105,2,38.8,Store B
1/3/2024,103,11,187.6,Store D
1/4/2024,101,5,92.97,Store D
1/5/2024,101,15,248.61,Store C
1/6/2024,101,3,57.4,Store A
1/7/2024,103,3,52.16,Store A
1/8/2024,103,13,249.3,Store A
1/9/2024,104,4,60.54,Store C
1/10/2024,104,15,309.13,Store A
1/11/2024,101,5,104.46,Store B
1/12/2024,103,7,139.28,Store A
1/13/2024,102,2,38.13,Store C
1/14/2024,103,12,242.88,Store A
1/15/2024,101,9,219.72,Store A
1/16/2024,103,9,146.31,Store B
1/17/2024,103,1,23.95,Store B
1/18/2024,101,11,237.5,Store B
1/19/2024,101,11,194.17,Store B
1/20/2024,105,12,259.66,Store A
1/21/2024,104,12,241.1,Store C
1/22/2024,104,1,18.86,Store A
1/23/2024,102,8,135.68,Store A
1/24/2024,101,2,42.53,Store C
1/25/2024,105,6,98.98,Store A
1/26/2024,101,2,30.81,Store B
1/27/2024,101,4,91.88,Store D
1/28/2024,102,13,236.9,Store C
1/29/2024,105,9,171.91,Store C
1/30/2024,103,14,311.61,Store A
1/31/2024,105,11,193.65,Store C
2/1/2024,102,11,262.66,Store D
2/2/2024,103,5,85.56,Store D
2/3/2024,105,4,74.18,Store A
2/4/2024,101,12,269.17,Store D
2/5/2024,104,15,298.61,Store C
2/6/2024,101,11,166.14,Store C
2/7/2024,101,5,95.09,Store A
2/8/2024,104,7,142.48,Store C
2/9/2024,101,12,293.71,Store B
2/10/2024,104,13,294.68,Store C
2/11/2024,105,10,153.96,Store B
2/12/2024,102,5,80.36,Store D
2/13/2024,103,11,249.4,Store D
2/14/2024,103,1,23.82,Store C
2/15/2024,104,1,24.56,Store C
2/16/2024,103,13,263.28,Store D
2/17/2024,102,7,106.67,Store B
2/18/2024,105,5,79.35,Store A
2/19/2024,104,13,239.26,Store D
2/20/2024,104,12,227.04,Store B
2/21/2024,104,7,123.76,Store C
2/22/2024,103,13,196.33,Store C
2/23/2024,104,12,246.95,Store C
2/24/2024,102,7,121.18,Store B
2/25/2024,104,2,44.68,Store A
2/26/2024,101,7,168.56,Store A
2/27/2024,102,12,273.95,Store C
2/28/2024,103,14,283.25,Store C
2/29/2024,103,8,157.58,Store A
3/1/2024,102,2,45.37,Store C
3/2/2024,104,15,366.21,Store B
3/3/2024,105,11,250.07,Store A
3/4/2024,102,3,68.14,Store D
3/5/2024,103,3,59.18,Store A
3/6/2024,105,2,31.71,Store C
3/7/2024,104,9,186,Store A
3/8/2024,104,1,24.97,Store B
3/9/2024,102,11,184.64,Store C
3/10/2024,104,11,261.92,Store C
3/11/2024,102,8,181.7,Store D
3/12/2024,103,11,195.26,Store A
3/13/2024,104,3,53.9,Store C
3/14/2024,102,13,238.12,Store B
3/15/2024,101,6,94.25,Store C
3/16/2024,102,3,65.87,Store A
3/17/2024,103,4,77.35,Store C
3/18/2024,102,10,205.13,Store A
3/19/2024,105,2,44.15,Store A
3/20/2024,102,12,230.61,Store C
3/21/2024,104,11,274.29,Store A
3/22/2024,101,2,33.43,Store D
3/23/2024,103,8,155.03,Store D
3/24/2024,103,8,191.67,Store B
3/25/2024,102,10,214.59,Store C
3/26/2024,103,5,105.13,Store B
3/27/2024,102,1,22.17,Store D
3/28/2024,103,12,240.52,Store C
3/29/2024,104,2,32.98,Store B
3/30/2024,103,15,350.48,Store D
3/31/2024,105,13,229.21,Store D
4/1/2024,101,8,192.78,Store A
4/2/2024,102,3,47.88,Store B
4/3/2024,103,7,173.2,Store A
4/4/2024,102,7,108.17,Store D
4/5/2024,105,1,23.81,Store B
4/6/2024,101,1,17.61,Store D
4/7/2024,102,8,186.85,Store C
4/8/2024,101,9,142.38,Store B
4/9/2024,101,12,211.76,Store D
4/10/2024,104,10,179.97,Store C
4/11/2024,103,10,208.9,Store D
4/12/2024,104,6,121.73,Store D
4/13/2024,104,4,94.64,Store A
4/14/2024,101,14,251.4,Store A
4/15/2024,103,4,85.75,Store A
4/16/2024,104,8,127.08,Store D
4/17/2024,103,14,296.03,Store D
4/18/2024,103,5,77.26,Store D
4/19/2024,103,5,88.91,Store D
4/20/2024,104,6,120.7,Store C
4/21/2024,102,10,177.14,Store D
4/22/2024,101,15,304.48,Store D
4/23/2024,105,5,95.95,Store C
4/24/2024,102,6,103.61,Store D
4/25/2024,103,14,294.84,Store B
4/26/2024,105,2,41.23,Store C
4/27/2024,103,5,88.48,Store C
4/28/2024,104,5,101.85,Store C
4/29/2024,105,9,180.52,Store C
4/30/2024,101,13,227.74,Store A
5/1/2024,101,12,263.65,Store D
5/2/2024,102,10,209.63,Store C
5/3/2024,105,3,49.21,Store B
5/4/2024,104,8,125.98,Store D
5/5/2024,104,7,165.49,Store D
5/6/2024,105,5,122.42,Store C
5/7/2024,103,3,68.85,Store C
5/8/2024,101,13,202.83,Store B
5/9/2024,102,13,250.33,Store B
5/10/2024,105,15,372.19,Store D
5/11/2024,101,15,296.19,Store C
5/12/2024,102,4,98.54,Store C
5/13/2024,101,9,197.71,Store C
5/14/2024,101,3,54.51,Store C
5/15/2024,105,8,124.62,Store B
5/16/2024,104,14,335.51,Store C
5/17/2024,102,11,169.02,Store B
5/18/2024,102,15,326.36,Store C
5/19/2024,101,7,141.81,Store A
5/20/2024,103,10,166.2,Store C
5/21/2024,101,3,74.87,Store B
5/22/2024,103,9,150.71,Store D
5/23/2024,104,3,55.1,Store A
5/24/2024,101,6,109.68,Store D
5/25/2024,101,14,281.05,Store D
5/26/2024,105,7,166.36,Store B
5/27/2024,101,8,144.16,Store A
5/28/2024,102,4,76.18,Store B
5/29/2024,104,5,102.58,Store D
5/30/2024,105,2,43.56,Store D
5/31/2024,101,10,164.02,Store C
6/1/2024,102,10,223.33,Store A
6/2/2024,101,9,204.61,Store D
6/3/2024,105,1,20.13,Store B
6/4/2024,101,9,218.54,Store A
6/5/2024,102,9,163.01,Store D
6/6/2024,101,12,194.06,Store A
6/7/2024,102,12,182.42,Store B
6/8/2024,104,12,266.23,Store B
6/9/2024,103,8,151.3,Store B
6/10/2024,102,15,324.26,Store C
6/11/2024,102,9,155.32,Store A
6/12/2024,103,1,24.97,Store B
6/13/2024,105,14,344.67,Store D
6/14/2024,105,5,92.48,Store C
6/15/2024,101,11,227.55,Store C
6/16/2024,105,2,43.02,Store C
6/17/2024,104,10,209.79,Store B
6/18/2024,102,5,108.93,Store B
6/19/2024,105,5,80.29,Store A
6/20/2024,102,10,183.9,Store C
6/21/2024,105,10,181.91,Store B
6/22/2024,103,2,37.39,Store C
6/23/2024,103,12,229.74,Store C
6/24/2024,102,2,32.24,Store B
6/25/2024,103,15,289.57,Store C
6/26/2024,105,3,68.71,Store D
6/27/2024,104,1,19.15,Store C
6/28/2024,101,13,277.07,Store B
6/29/2024,102,11,214.79,Store C
6/30/2024,105,3,68.44,Store D
7/1/2024,102,6,93.23,Store A
7/2/2024,104,8,193.88,Store D
7/3/2024,101,6,139.97,Store D
7/4/2024,101,4,63.53,Store B
7/5/2024,101,2,38.37,Store D
7/6/2024,103,11,190.46,Store A
7/7/2024,101,15,345.9,Store A
7/8/2024,105,5,103.82,Store B
7/9/2024,105,14,329.94,Store B
7/10/2024,104,3,57.72,Store D
7/11/2024,103,12,235.37,Store B
7/12/2024,102,9,177.21,Store A
7/13/2024,104,5,118.47,Store C
7/14/2024,103,3,63.67,Store D
7/15/2024,101,3,63.25,Store B
7/16/2024,105,15,230.01,Store A
7/17/2024,101,9,169.86,Store B
7/18/2024,101,1,22.88,Store B
